predictor,beta0_intercept,beta1_coefficient,decision_boundary,tn_red_as_red,fp_red_as_white,fn_white_as_red,tp_white_as_white,accuracy,balanced_accuracy,auc,sensitivity_white,specificity_red,precision_white,precision_red,f1_white,f1_red
alcohol,0.055731,0.101268,-0.550332,0,391,0,1198,0.7539,0.5000,0.5219,1.0000,0.0000,0.7539,0.0000,0.8597,0.0000
pH,16.392779,-4.705414,3.483812,40,351,42,1156,0.7527,0.5336,0.6798,0.9649,0.1023,0.7671,0.4878,0.8547,0.1691
chlorides,3.736194,-39.764907,0.093957,80,311,38,1160,0.7804,0.5864,0.9220,0.9683,0.2046,0.7886,0.6780,0.8692,0.3143
