predictor,beta0_intercept,beta1_coefficient,tn_red_as_red,fp_red_as_white,fn_white_as_red,tp_white_as_white,accuracy,balanced_accuracy,auc,sensitivity_white,specificity_red,precision_white,precision_red,f1_white,f1_red
alcohol,0.009928,0.105625,0,391,0,1198,0.7539,0.5000,0.5219,1.0000,0.0000,0.7539,0.0000,0.8597,0.0000
pH,14.749484,-4.203535,36,355,30,1168,0.7577,0.5335,0.6798,0.9750,0.0921,0.7669,0.5455,0.8585,0.1575
chlorides,1.978076,-14.922372,26,365,23,1175,0.7558,0.5236,0.9220,0.9808,0.0665,0.7630,0.5306,0.8583,0.1182
